<?xml version='1.0' encoding='windows-1252' ?>
<!DOCTYPE Entity SYSTEM "jbo_03_01.dtd">

<Entity
   Name="XXEmpDetEO"
   DBObjectType="table"
   DBObjectName="XX_EMP_DETAILS"
   AliasName="XXEmpDetEO"
   BindingStyle="OracleName"
   UseGlueCode="false"
   RowClass="xxnewemp.oracle.apps.per.selfservice.employee.schema.server.XXEmpDetEOImpl"
   DefClass="oracle.apps.fnd.framework.server.OAEntityDefImpl"
   CollClass="oracle.apps.fnd.framework.server.OAEntityCache" >
   <DesignTime>
      <Attr Name="_isCodegen" Value="true" />
      <Attr Name="_version" Value="10.1.3.43.6" />
      <AttrArray Name="_publishEvents">
      </AttrArray>
      <Attr Name="_codeGenFlag2" Value="Init|Delete|Access|DML|Val" />
   </DesignTime>
   <Attribute
      Name="Sno"
      ColumnName="SNO"
      Type="oracle.jbo.domain.Number"
      ColumnType="NUMBER"
      SQLType="NUMERIC"
      TableName="XX_EMP_DETAILS"
      PrimaryKey="true" >
      <DesignTime>
         <Attr Name="_DisplaySize" Value="22" />
      </DesignTime>
   </Attribute>
   <Attribute
      Name="Employeeid"
      ColumnName="EMPLOYEEID"
      Type="oracle.jbo.domain.Number"
      ColumnType="NUMBER"
      SQLType="NUMERIC"
      TableName="XX_EMP_DETAILS" >
      <DesignTime>
         <Attr Name="_DisplaySize" Value="22" />
      </DesignTime>
   </Attribute>
   <Attribute
      Name="Fullname"
      Precision="255"
      ColumnName="FULLNAME"
      Type="java.lang.String"
      ColumnType="VARCHAR2"
      SQLType="VARCHAR"
      TableName="XX_EMP_DETAILS" >
      <DesignTime>
         <Attr Name="_DisplaySize" Value="255" />
      </DesignTime>
   </Attribute>
   <Attribute
      Name="Department"
      Precision="255"
      ColumnName="DEPARTMENT"
      Type="java.lang.String"
      ColumnType="VARCHAR2"
      SQLType="VARCHAR"
      TableName="XX_EMP_DETAILS" >
      <DesignTime>
         <Attr Name="_DisplaySize" Value="255" />
      </DesignTime>
   </Attribute>
   <Attribute
      Name="Dob"
      ColumnName="DOB"
      Type="oracle.jbo.domain.Date"
      ColumnType="DATE"
      SQLType="TIMESTAMP"
      TableName="XX_EMP_DETAILS" >
      <DesignTime>
         <Attr Name="_DisplaySize" Value="7" />
      </DesignTime>
   </Attribute>
   <Attribute
      Name="Hiredate"
      ColumnName="HIREDATE"
      Type="oracle.jbo.domain.Date"
      ColumnType="DATE"
      SQLType="TIMESTAMP"
      TableName="XX_EMP_DETAILS" >
      <DesignTime>
         <Attr Name="_DisplaySize" Value="7" />
      </DesignTime>
   </Attribute>
   <Attribute
      Name="Mobileno"
      Precision="255"
      ColumnName="MOBILENO"
      Type="java.lang.String"
      ColumnType="VARCHAR2"
      SQLType="VARCHAR"
      TableName="XX_EMP_DETAILS" >
      <DesignTime>
         <Attr Name="_DisplaySize" Value="255" />
      </DesignTime>
   </Attribute>
   <Attribute
      Name="Email"
      Precision="255"
      ColumnName="EMAIL"
      Type="java.lang.String"
      ColumnType="VARCHAR2"
      SQLType="VARCHAR"
      TableName="XX_EMP_DETAILS" >
      <DesignTime>
         <Attr Name="_DisplaySize" Value="255" />
      </DesignTime>
   </Attribute>
   <Attribute
      Name="Address"
      Precision="255"
      ColumnName="ADDRESS"
      Type="java.lang.String"
      ColumnType="VARCHAR2"
      SQLType="VARCHAR"
      TableName="XX_EMP_DETAILS" >
      <DesignTime>
         <Attr Name="_DisplaySize" Value="255" />
      </DesignTime>
   </Attribute>
   <Attribute
      Name="Designation"
      Precision="255"
      ColumnName="DESIGNATION"
      Type="java.lang.String"
      ColumnType="VARCHAR2"
      SQLType="VARCHAR"
      TableName="XX_EMP_DETAILS" >
      <DesignTime>
         <Attr Name="_DisplaySize" Value="255" />
      </DesignTime>
   </Attribute>
   <Attribute
      Name="Nationality"
      Precision="255"
      ColumnName="NATIONALITY"
      Type="java.lang.String"
      ColumnType="VARCHAR2"
      SQLType="VARCHAR"
      TableName="XX_EMP_DETAILS" >
      <DesignTime>
         <Attr Name="_DisplaySize" Value="255" />
      </DesignTime>
   </Attribute>
   <Attribute
      Name="Empphoto"
      IsQueriable="false"
      ColumnName="EMPPHOTO"
      Type="oracle.jbo.domain.BlobDomain"
      ColumnType="BLOB"
      SQLType="BLOB"
      TableName="XX_EMP_DETAILS" >
   </Attribute>
   <Attribute
      Name="Attribute1"
      Precision="255"
      ColumnName="ATTRIBUTE1"
      Type="java.lang.String"
      ColumnType="VARCHAR2"
      SQLType="VARCHAR"
      TableName="XX_EMP_DETAILS" >
      <DesignTime>
         <Attr Name="_DisplaySize" Value="255" />
      </DesignTime>
   </Attribute>
   <Attribute
      Name="Attribute2"
      Precision="255"
      ColumnName="ATTRIBUTE2"
      Type="java.lang.String"
      ColumnType="VARCHAR2"
      SQLType="VARCHAR"
      TableName="XX_EMP_DETAILS" >
      <DesignTime>
         <Attr Name="_DisplaySize" Value="255" />
      </DesignTime>
   </Attribute>
   <Attribute
      Name="Attribute3"
      Precision="255"
      ColumnName="ATTRIBUTE3"
      Type="java.lang.String"
      ColumnType="VARCHAR2"
      SQLType="VARCHAR"
      TableName="XX_EMP_DETAILS" >
      <DesignTime>
         <Attr Name="_DisplaySize" Value="255" />
      </DesignTime>
   </Attribute>
   <Attribute
      Name="Attribute4"
      Precision="255"
      ColumnName="ATTRIBUTE4"
      Type="java.lang.String"
      ColumnType="VARCHAR2"
      SQLType="VARCHAR"
      TableName="XX_EMP_DETAILS" >
      <DesignTime>
         <Attr Name="_DisplaySize" Value="255" />
      </DesignTime>
   </Attribute>
   <Key
      Name="XxempdeteoPrimaryKey" >
      <AttrArray Name="Attributes">
         <Item Value="xxnewemp.oracle.apps.per.selfservice.employee.schema.server.XXEmpDetEO.Sno" />
      </AttrArray>
      <DesignTime>
         <Attr Name="_isPrimary" Value="true" />
         <Attr Name="_DBObjectName" Value="XXEMPDETEO_PRIMARY_KEY" />
      </DesignTime>
   </Key>
</Entity>
