<?xml version = '1.0' encoding = 'UTF-8'?>
<page xmlns:jrad="http://xmlns.oracle.com/jrad" xmlns:oa="http://xmlns.oracle.com/oa" xmlns:ui="http://xmlns.oracle.com/uix/ui" version="10.1.3_" xml:lang="en-US" xmlns:user="http://xmlns.oracle.com/jrad/user" xmlns="http://xmlns.oracle.com/jrad" file-version="$Header$">
   <content>
      <oa:pageLayout id="region1" amDefName="xxnewemp.oracle.apps.per.selfservice.employee.server.XXEmpDetAM" controllerClass="xxnewemp.oracle.apps.per.selfservice.employee.webui.XXEmpCreateCO" amStateRequired="true" windowTitle="Employee Creation Page">
         <ui:corporateBranding>
            <oa:image id="corporateBrandingImage" source="/OA_MEDIA/FNDSSCORP.gif"/>
         </ui:corporateBranding>
         <ui:contents>
            <oa:header id="createRN" text="Add Employee Details">
               <ui:contents>
                  <oa:cellFormat id="image" width="10%" rowSpan="2">
                     <ui:contents>
                        <oa:rowLayout id="region3">
                           <ui:contents>
                              <oa:rowLayout id="region5">
                                 <ui:contents>
                                    <oa:rawText id="imgDataRT" text="&lt;BR> &lt;img src=&quot;XXIMG&quot; height=&quot;160&quot; width=&quot;150&quot; align= &quot;right&quot; style=&quot;border:1px solid Grey;border: 3px solid rgb(0, 0, 0); box-shadow: 0px 2px 16px 0px; border-radius: 17px;&quot; />"/>
                                    <oa:image id="item1" viewName="XXEmpDetEOVO1" viewAttr="Empphoto" imageHeight="170" imageWidth="150"/>
                                 </ui:contents>
                              </oa:rowLayout>
                           </ui:contents>
                        </oa:rowLayout>
                     </ui:contents>
                  </oa:cellFormat>
                  <oa:messageComponentLayout id="empRN" width="100%" rows="5" columns="2" initSortSeq="none">
                     <ui:contents>
                        <oa:messageStyledText id="empNoMST" viewName="XXEmpDetEOVO1" viewAttr="Employeeid" prompt="Employee No"/>
                        <oa:messageTextInput id="fullNameMTI" viewName="XXEmpDetEOVO1" viewAttr="Fullname" prompt="Full Name" readOnly="${oa.XXSpel1VO1.detailsdisable}" shortDesc="{style=&quot;border-radius: 7px;&quot;}"/>
                        <oa:messageTextInput id="dobMTI1" viewName="XXEmpDetEOVO1" viewAttr="Dob" prompt="Date Of Birth" dataType="DATE" readOnly="${oa.XXSpel1VO1.detailsdisable}"/>
                        <oa:messageChoice id="designationMC" viewName="XXEmpDetEOVO1" viewAttr="Designation" prompt="Designation" pickListViewName="XXEmpDesigLOV1" pickListDispAttr="Designation" pickListValAttr="Designation" readOnly="${oa.XXSpel1VO1.detailsdisable}"/>
                        <oa:messageChoice id="genderMC" viewName="XXEmpDetEOVO1" viewAttr="Attribute1" prompt="Gender" pickListViewName="XXEmpGenderLOV1" pickListDispAttr="Gender" pickListValAttr="Gender" readOnly="${oa.XXSpel1VO1.detailsdisable}"/>
                        <oa:messageTextInput id="hireDateMTI" viewName="XXEmpDetEOVO1" viewAttr="Hiredate" prompt="Hire Date" dataType="DATE" readOnly="${oa.XXSpel1VO1.detailsdisable}"/>
                        <oa:messageTextInput id="emailMTI" viewName="XXEmpDetEOVO1" viewAttr="Email" prompt="Email-ID" readOnly="${oa.XXSpel1VO1.detailsdisable}"/>
                        <oa:messageTextInput id="nationMTI" viewName="XXEmpDetEOVO1" viewAttr="Nationality" prompt="Nationality" readOnly="${oa.XXSpel1VO1.detailsdisable}"/>
                        <oa:messageTextInput id="mobileNoMTI" viewName="XXEmpDetEOVO1" viewAttr="Mobileno" prompt="Mobile No" readOnly="${oa.XXSpel1VO1.detailsdisable}"/>
                        <oa:messageTextInput id="addressMTI" viewName="XXEmpDetEOVO1" viewAttr="Address" prompt="Address" columns="20" rows="5" readOnly="${oa.XXSpel1VO1.detailsdisable}"/>
                        <oa:messageFileUpload id="photoMFU" viewName="XXEmpDetEOVO1" viewAttr="Empphoto" dataType="BLOB" prompt="Upload Photo"/>
                        <oa:messageLovInput id="DepartmentMLI" viewName="XXEmpDetEOVO1" viewAttr="Department" prompt="Department" queryable="false" required="no" readOnly="${oa.XXSpel1VO1.detailsdisable}">
                           <lovContents>
                              <oa:listOfValues id="region2">
                                 <ui:contents>
                                    <oa:table name="region2" id="departmentLOV">
                                       <ui:contents>
                                          <oa:messageStyledText id="DepartmentName" dataType="VARCHAR2" prompt="Department Name" viewName="XXEmpDeptLOV1" viewAttr="DepartmentName" maximumLength="255" queryable="true"/>
                                          <oa:messageStyledText id="OraganizationId" dataType="NUMBER" prompt="Oraganization Id" viewName="XXEmpDeptLOV1" viewAttr="OraganizationId"/>
                                       </ui:contents>
                                    </oa:table>
                                 </ui:contents>
                              </oa:listOfValues>
                           </lovContents>
                           <lovMappings>
                              <lovMap id="lovMap1" lovItem="DepartmentName" resultTo="DepartmentMLI" criteriaFrom="DepartmentMLI"/>
                              <lovMap id="lovMap2" lovItem="OraganizationId" resultTo="orgv"/>
                           </lovMappings>
                        </oa:messageLovInput>
                     </ui:contents>
                  </oa:messageComponentLayout>
                  <oa:formValue id="orgv" dataType="VARCHAR2"/>
               </ui:contents>
            </oa:header>
            <oa:header id="attachmentRN" text="Attachment Table" rendered="false">
               <ui:contents>
                  <oa:attachmentTable id="attachmetnTable" viewName="XXEmpDetEOVO1" text="Add Attachment">
                     <oa:entityMappings>
                        <oa:entityMap id="entityMap1" entityId="XX_OAT_EMP_ATTACHMENT">
                           <oa:primaryKeys>
                              <oa:primaryKey id="primaryKey1" viewAttr="Sno"/>
                           </oa:primaryKeys>
                           <oa:categoryMappings>
                              <oa:categoryMap id="categoryMap1" categoryName="MISC"/>
                           </oa:categoryMappings>
                        </oa:entityMap>
                     </oa:entityMappings>
                  </oa:attachmentTable>
               </ui:contents>
            </oa:header>
            <oa:pageButtonBar id="navRN" extends="/xxnewemp/oracle/apps/per/selfservice/employee/webui/XXEmpNavRN"/>
         </ui:contents>
         <ui:location>
            <oa:train id="region4" extends="/xxnewemp/oracle/apps/per/selfservice/employee/webui/EmpTrainRN"/>
         </ui:location>
      </oa:pageLayout>
   </content>
</page>
