<?xml version = '1.0' encoding = 'UTF-8'?>
<page xmlns:jrad="http://xmlns.oracle.com/jrad" xmlns:oa="http://xmlns.oracle.com/oa" xmlns:ui="http://xmlns.oracle.com/uix/ui" version="10.1.3_" xml:lang="en-US" xmlns:user="http://xmlns.oracle.com/jrad/user" xmlns="http://xmlns.oracle.com/jrad" file-version="$Header$">
   <content>
      <oa:pageLayout id="region1" amDefName="xxnewemp.oracle.apps.per.selfservice.employee.server.XXEmpDetAM" controllerClass="xxnewemp.oracle.apps.per.selfservice.employee.webui.XXEmpUploadCO" amStateRequired="true" windowTitle="Upload Employee Documents">
         <ui:corporateBranding>
            <oa:image id="corporateBrandingImage" source="/OA_MEDIA/FNDSSCORP.gif"/>
         </ui:corporateBranding>
         <ui:contents>
            <oa:header id="headerRN" text="Upload Documents">
               <ui:contents>
                  <oa:flowLayout id="region2">
                     <ui:contents>
                        <oa:attachmentTable id="attachtmentAT" viewName="XXEmpDetEOVO1">
                           <oa:entityMappings>
                              <oa:entityMap id="entityMap1" entityId="XX_DOCUMENT_UPLOAD">
                                 <oa:primaryKeys>
                                    <oa:primaryKey id="primaryKey1" viewAttr="Sno"/>
                                 </oa:primaryKeys>
                                 <oa:categoryMappings>
                                    <oa:categoryMap id="categoryMap1" categoryName="MISC"/>
                                 </oa:categoryMappings>
                              </oa:entityMap>
                           </oa:entityMappings>
                        </oa:attachmentTable>
                     </ui:contents>
                  </oa:flowLayout>
               </ui:contents>
            </oa:header>
            <oa:pageButtonBar id="navRN" extends="/xxnewemp/oracle/apps/per/selfservice/employee/webui/XXEmpNavRN"/>
         </ui:contents>
         <ui:location>
            <oa:train id="region4" extends="/xxnewemp/oracle/apps/per/selfservice/employee/webui/EmpTrainRN"/>
         </ui:location>
      </oa:pageLayout>
   </content>
</page>
