<?xml version = '1.0' encoding = 'UTF-8'?>
<oa:pageButtonBar version="10.1.3_" xml:lang="en-US" xmlns:oa="http://xmlns.oracle.com/oa" xmlns:jrad="http://xmlns.oracle.com/jrad" xmlns:ui="http://xmlns.oracle.com/uix/ui" xmlns:user="http://xmlns.oracle.com/jrad/user" xmlns="http://xmlns.oracle.com/jrad" file-version="$Header$">
   <ui:contents>
      <oa:submitButton id="saveBTN" text="Save" prompt="Save"/>
      <oa:submitButton id="cancleBTN" text="Cancel" prompt="Cancel"/>
      <oa:navigationBar id="navBarRN" maxValue="3">
         <ui:contents>
            <oa:link id="createEmpL" destination="OA.jsp?page=/xxnewemp/oracle/apps/per/selfservice/employee/webui/XXEmpCreatePG" text="Add Details"/>
            <oa:link id="addAttachmentL" destination="OA.jsp?page=/xxnewemp/oracle/apps/per/selfservice/employee/webui/XXEmpUploadPG" text="Upload File"/>
            <oa:link id="reviewL" destination="OA.jsp?page=/xxnewemp/oracle/apps/per/selfservice/employee/webui/XXEmpReviewPG" text="Review"/>
         </ui:contents>
      </oa:navigationBar>
   </ui:contents>
</oa:pageButtonBar>
