<?xml version = '1.0' encoding = 'UTF-8'?>
<page xmlns:jrad="http://xmlns.oracle.com/jrad" xmlns:oa="http://xmlns.oracle.com/oa" xmlns:ui="http://xmlns.oracle.com/uix/ui" version="10.1.3_" xml:lang="en-US" xmlns:user="http://xmlns.oracle.com/jrad/user" xmlns="http://xmlns.oracle.com/jrad" file-version="$Header$">
   <content>
      <oa:pageLayout id="region1" amDefName="xxnewemp.oracle.apps.per.selfservice.employee.server.XXEmpDetAM" windowTitle="Deleted Employees Records" title="Deleted Employees Records" controllerClass="xxnewemp.oracle.apps.per.selfservice.employee.webui.XXEmpDelRecordsCO">
         <ui:corporateBranding>
            <oa:image id="corporateBrandingImage" source="/OA_MEDIA/FNDSSCORP.gif"/>
         </ui:corporateBranding>
         <ui:contents>
            <oa:header id="SummaryRN" text="Deleted Employees Records" recordHistoryEnabled="true">
               <ui:contents>
                  <oa:tree id="region4" text="Tree Region" usage="tree">
                     <members>
                        <oa:nodeDef id="nodeDef1" shortDesc="Employees Salary"/>
                        <oa:childNode id="childNode1" shortDesc="Salary"/>
                     </members>
                  </oa:tree>
                  <oa:query id="findQR" mode="resultsBasedSearch" dispSimple="true" dispAdvanced="true" dispCustomized="true">
                     <ui:contents>
                        <oa:navigationBar id="region2" addChildren="true"/>
                        <oa:table id="summaryTable" width="100%" blockSize="5" recordHistoryEnabled="true">
                           <ui:contents>
                              <oa:messageStyledText id="Sno" dataType="NUMBER" prompt="SL.NO" viewName="XXEmpDetEOVO1" viewAttr="Sno" queryable="true" selectiveSearchCriteria="true"/>
                              <oa:messageStyledText id="Employeeid" dataType="NUMBER" prompt="Employee Id" viewName="XXEmpDetEOVO1" viewAttr="Employeeid"/>
                              <oa:messageStyledText id="Fullname" dataType="VARCHAR2" prompt="Full Name" viewName="XXEmpDetEOVO1" viewAttr="Fullname" maximumLength="255" queryable="true"/>
                              <oa:messageStyledText id="Department" dataType="VARCHAR2" prompt="Department" viewName="XXEmpDetEOVO1" viewAttr="Department" maximumLength="255"/>
                              <oa:messageStyledText id="Attribute4" dataType="VARCHAR2" prompt="Gender" viewName="XXEmpDetEOVO1" viewAttr="Attribute4" maximumLength="255"/>
                              <oa:messageStyledText id="Hiredate" dataType="DATE" prompt="Hiredate" viewName="XXEmpDetEOVO1" viewAttr="Hiredate"/>
                              <oa:messageStyledText id="Mobileno" dataType="VARCHAR2" prompt="Mobile No" viewName="XXEmpDetEOVO1" viewAttr="Mobileno" maximumLength="255"/>
                              <oa:messageStyledText id="Email" dataType="VARCHAR2" prompt="Email" viewName="XXEmpDetEOVO1" viewAttr="Email" maximumLength="255"/>
                              <oa:messageStyledText id="Designation" dataType="VARCHAR2" prompt="Designation" viewName="XXEmpDetEOVO1" viewAttr="Designation" maximumLength="255"/>
                              <oa:image id="editBTN" dataType="VARCHAR2" prompt="Edit" source="updateicon_enabled.gif" rendered="false"/>
                              <oa:image id="detailsBTN" dataType="VARCHAR2" prompt="Details" source="detailsicon_enabled.gif">
                                 <ui:primaryClientAction>
                                    <ui:firePartialAction event="detail" id="firePartialAction1">
                                       <ui:parameters>
                                          <ui:parameter key="mode" value="detail"/>
                                          <ui:parameter key="EmpNum" value="${oa.XXEmpDetEOVO1.Sno}"/>
                                       </ui:parameters>
                                    </ui:firePartialAction>
                                 </ui:primaryClientAction>
                              </oa:image>
                              <oa:image id="deleteBTN" dataType="VARCHAR2" prompt="Delete" source="deleteicon_enabled.gif">
                                 <ui:primaryClientAction>
                                    <ui:firePartialAction event="delete" id="firePartialAction2">
                                       <ui:parameters>
                                          <ui:parameter key="delete" value="${oa.XXEmpDetEOVO1.Employeeid}"/>
                                       </ui:parameters>
                                    </ui:firePartialAction>
                                 </ui:primaryClientAction>
                              </oa:image>
                           </ui:contents>
                           <ui:tableActions>
                              <oa:rowLayout id="region3">
                                 <ui:contents>
                                    <oa:submitButton id="ExportBTN" text="Export Data" prompt="Export Data"/>
                                    <oa:button id="delEmpMSI" prompt="Deleted Employees History" text="Deleted Employees History"/>
                                 </ui:contents>
                              </oa:rowLayout>
                           </ui:tableActions>
                        </oa:table>
                     </ui:contents>
                  </oa:query>
               </ui:contents>
            </oa:header>
         </ui:contents>
      </oa:pageLayout>
   </content>
</page>
