<?xml version='1.0' encoding='windows-1252' ?>
<!DOCTYPE AppModule SYSTEM "jbo_03_01.dtd">

<AppModule
   Name="XXEmpDetAM"
   ComponentClass="xxnewemp.oracle.apps.per.selfservice.employee.server.XXEmpDetAMImpl" >
   <DesignTime>
      <Attr Name="_isCodegen" Value="true" />
      <Attr Name="_version" Value="10.1.3.43.6" />
      <Attr Name="_deployType" Value="0" />
   </DesignTime>
   <ViewUsage
      Name="XXEmpDetEOVO1"
      ViewObjectName="xxnewemp.oracle.apps.per.selfservice.employee.server.XXEmpDetEOVO" >
   </ViewUsage>
   <ViewUsage
      Name="XXEmpDesigLOV1"
      ViewObjectName="xxnewemp.oracle.apps.per.selfservice.employee.schema.lov.server.XXEmpDesigLOV" >
   </ViewUsage>
   <ViewUsage
      Name="XXEmpDeptLOV1"
      ViewObjectName="xxnewemp.oracle.apps.per.selfservice.employee.schema.lov.server.XXEmpDeptLOV" >
   </ViewUsage>
   <ViewUsage
      Name="XXEmpGenderLOV1"
      ViewObjectName="xxnewemp.oracle.apps.per.selfservice.employee.schema.lov.server.XXEmpGenderLOV" >
   </ViewUsage>
   <ViewUsage
      Name="XXSpel1VO1"
      ViewObjectName="xxnewemp.oracle.apps.per.selfservice.employee.server.XXSpel1VO" >
   </ViewUsage>
   <ViewUsage
      Name="XXEmpPicVO1"
      ViewObjectName="xxnewemp.oracle.apps.per.selfservice.employee.server.XXEmpPicVO" >
   </ViewUsage>
</AppModule>
