<?xml version='1.0' encoding='windows-1252' ?>
<!DOCTYPE ViewObject SYSTEM "jbo_03_01.dtd">

<ViewObject
   Name="XXEmpDetEOVO"
   SelectList="XXEmpDetEO.SNO, 
       XXEmpDetEO.EMPLOYEEID, 
       XXEmpDetEO.FULLNAME, 
       XXEmpDetEO.DEPARTMENT, 
       XXEmpDetEO.DOB, 
       XXEmpDetEO.HIREDATE, 
       XXEmpDetEO.MOBILENO, 
       XXEmpDetEO.EMAIL, 
       XXEmpDetEO.ADDRESS, 
       XXEmpDetEO.DESIGNATION, 
       XXEmpDetEO.NATIONALITY, 
       XXEmpDetEO.EMPPHOTO, 
       XXEmpDetEO.ATTRIBUTE1, 
       XXEmpDetEO.ATTRIBUTE2, 
       XXEmpDetEO.ATTRIBUTE3, 
       XXEmpDetEO.ATTRIBUTE4"
   FromList="XX_EMP_DETAILS XXEmpDetEO"
   BindingStyle="OracleName"
   CustomQuery="false"
   RowClass="xxnewemp.oracle.apps.per.selfservice.employee.server.XXEmpDetEOVORowImpl"
   ComponentClass="xxnewemp.oracle.apps.per.selfservice.employee.server.XXEmpDetEOVOImpl"
   UseGlueCode="false" >
   <DesignTime>
      <Attr Name="_isCodegen" Value="true" />
      <Attr Name="_version" Value="10.1.3.43.6" />
      <Attr Name="_codeGenFlag2" Value="Access|Coll|VarAccess" />
   </DesignTime>
   <EntityUsage
      Name="XXEmpDetEO"
      Entity="xxnewemp.oracle.apps.per.selfservice.employee.schema.server.XXEmpDetEO" >
      <DesignTime>
         <Attr Name="_queryClause" Value="false" />
      </DesignTime>
   </EntityUsage>
   <ViewAttribute
      Name="Sno"
      EntityAttrName="Sno"
      EntityUsage="XXEmpDetEO"
      AliasName="SNO" >
   </ViewAttribute>
   <ViewAttribute
      Name="Employeeid"
      EntityAttrName="Employeeid"
      EntityUsage="XXEmpDetEO"
      AliasName="EMPLOYEEID" >
   </ViewAttribute>
   <ViewAttribute
      Name="Fullname"
      EntityAttrName="Fullname"
      EntityUsage="XXEmpDetEO"
      AliasName="FULLNAME" >
   </ViewAttribute>
   <ViewAttribute
      Name="Department"
      EntityAttrName="Department"
      EntityUsage="XXEmpDetEO"
      AliasName="DEPARTMENT" >
   </ViewAttribute>
   <ViewAttribute
      Name="Dob"
      EntityAttrName="Dob"
      EntityUsage="XXEmpDetEO"
      AliasName="DOB" >
   </ViewAttribute>
   <ViewAttribute
      Name="Hiredate"
      EntityAttrName="Hiredate"
      EntityUsage="XXEmpDetEO"
      AliasName="HIREDATE" >
   </ViewAttribute>
   <ViewAttribute
      Name="Mobileno"
      EntityAttrName="Mobileno"
      EntityUsage="XXEmpDetEO"
      AliasName="MOBILENO" >
   </ViewAttribute>
   <ViewAttribute
      Name="Email"
      EntityAttrName="Email"
      EntityUsage="XXEmpDetEO"
      AliasName="EMAIL" >
   </ViewAttribute>
   <ViewAttribute
      Name="Address"
      EntityAttrName="Address"
      EntityUsage="XXEmpDetEO"
      AliasName="ADDRESS" >
   </ViewAttribute>
   <ViewAttribute
      Name="Designation"
      EntityAttrName="Designation"
      EntityUsage="XXEmpDetEO"
      AliasName="DESIGNATION" >
   </ViewAttribute>
   <ViewAttribute
      Name="Nationality"
      EntityAttrName="Nationality"
      EntityUsage="XXEmpDetEO"
      AliasName="NATIONALITY" >
   </ViewAttribute>
   <ViewAttribute
      Name="Empphoto"
      IsQueriable="false"
      EntityAttrName="Empphoto"
      EntityUsage="XXEmpDetEO"
      AliasName="EMPPHOTO" >
   </ViewAttribute>
   <ViewAttribute
      Name="Attribute1"
      EntityAttrName="Attribute1"
      EntityUsage="XXEmpDetEO"
      AliasName="ATTRIBUTE1" >
   </ViewAttribute>
   <ViewAttribute
      Name="Attribute2"
      EntityAttrName="Attribute2"
      EntityUsage="XXEmpDetEO"
      AliasName="ATTRIBUTE2" >
   </ViewAttribute>
   <ViewAttribute
      Name="Attribute3"
      EntityAttrName="Attribute3"
      EntityUsage="XXEmpDetEO"
      AliasName="ATTRIBUTE3" >
   </ViewAttribute>
   <ViewAttribute
      Name="Attribute4"
      EntityAttrName="Attribute4"
      EntityUsage="XXEmpDetEO"
      AliasName="ATTRIBUTE4" >
   </ViewAttribute>
   <ViewAttribute
      Name="ImageSource"
      IsSelected="false"
      IsPersistent="false"
      Type="java.lang.String"
      ColumnType="VARCHAR2"
      AliasName="VIEW_ATTR"
      SQLType="VARCHAR" >
   </ViewAttribute>
</ViewObject>
