<?xml version='1.0' encoding='windows-1252' ?>
<!DOCTYPE ViewObject SYSTEM "jbo_03_01.dtd">

<ViewObject
   Name="XXEmpDesigLOV"
   BindingStyle="OracleName"
   CustomQuery="true"
   RowClass="oracle.apps.fnd.framework.server.OAViewRowImpl"
   ComponentClass="xxnewemp.oracle.apps.per.selfservice.employee.schema.lov.server.XXEmpDesigLOVImpl"
   UseGlueCode="false" >
   <SQLQuery><![CDATA[
select 'Trainee' as Designation from Dual
union
select 'Associate Consultant' as Designation from Dual
union
select 'Consultant' as Designation from Dual
union
select 'Functional Consultant' as Designation from Dual
union
select 'Technical Consultant' as Designation from Dual
union
select 'TechnoFunctional Consultant' as Designation from Dual
union
select 'Project Manager' as Designation from Dual
union
select 'CEO' as Designation from Dual
   ]]></SQLQuery>
   <DesignTime>
      <Attr Name="_isExpertMode" Value="true" />
      <Attr Name="_version" Value="10.1.3.43.6" />
      <Attr Name="_codeGenFlag2" Value="Access|Coll|VarAccess" />
   </DesignTime>
   <ViewAttribute
      Name="Designation"
      IsPersistent="false"
      Precision="27"
      Type="java.lang.String"
      ColumnType="VARCHAR2"
      AliasName="DESIGNATION"
      Expression="DESIGNATION"
      SQLType="VARCHAR" >
      <DesignTime>
         <Attr Name="_DisplaySize" Value="27" />
      </DesignTime>
   </ViewAttribute>
</ViewObject>
