<?xml version='1.0' encoding='windows-1252' ?>
<!DOCTYPE ViewObject SYSTEM "jbo_03_01.dtd">

<ViewObject
   Name="XXEmpGenderLOV"
   BindingStyle="OracleName"
   CustomQuery="true"
   RowClass="oracle.apps.fnd.framework.server.OAViewRowImpl"
   ComponentClass="xxnewemp.oracle.apps.per.selfservice.employee.schema.lov.server.XXEmpGenderLOVImpl"
   UseGlueCode="false" >
   <SQLQuery><![CDATA[
select 'Male' as Gender from dual
union
select 'Female' as Gender from dual
   ]]></SQLQuery>
   <DesignTime>
      <Attr Name="_isExpertMode" Value="true" />
      <Attr Name="_version" Value="10.1.3.43.6" />
      <Attr Name="_codeGenFlag2" Value="Access|Coll|VarAccess" />
   </DesignTime>
   <ViewAttribute
      Name="Gender"
      IsPersistent="false"
      Precision="6"
      Type="java.lang.String"
      ColumnType="VARCHAR2"
      AliasName="GENDER"
      Expression="GENDER"
      SQLType="VARCHAR" >
      <DesignTime>
         <Attr Name="_DisplaySize" Value="6" />
      </DesignTime>
   </ViewAttribute>
</ViewObject>
